,,,,1日目 10時台,11,12,13,14,15,16,17,18,19,20,21,,2日目 9時台,10,11,12,13,14,15,16,17,18,19,20,21,22,,3日目 10時台,11,12,13,14,15,16,17,18,19,20,21,,4日目 10時台,11,12,13,14,15,16,17,18,19,20,21,
,タイムスタンプ,バンド名,出演枠,全ての時間でどちらかを選択 [10-11],全ての時間でどちらかを選択 [11-12],全ての時間でどちらかを選択 [12-13],全ての時間でどちらかを選択 [13-14],全ての時間でどちらかを選択 [14-15],全ての時間でどちらかを選択 [15-16],全ての時間でどちらかを選択 [16-17],全ての時間でどちらかを選択 [17-18],全ての時間でどちらかを選択 [18-19],全ての時間でどちらかを選択 [19-20],全ての時間でどちらかを選択 [20-21],全ての時間でどちらかを選択 [21-22],備考(1日目),全ての時間でどちらかを選択 [10-11],,全ての時間でどちらかを選択 [11-12],全ての時間でどちらかを選択 [12-13],全ての時間でどちらかを選択 [13-14],全ての時間でどちらかを選択 [14-15],全ての時間でどちらかを選択 [15-16],全ての時間でどちらかを選択 [16-17],全ての時間でどちらかを選択 [17-18],全ての時間でどちらかを選択 [18-19],全ての時間でどちらかを選択 [19-20],全ての時間でどちらかを選択 [20-21],,全ての時間でどちらかを選択 [21-22],,,,,,,,,,,,,,,,,,,,,,,,,,,
102,2025/08/08 18:24:55,Age Factory,15分枠,出演可,出演可,出演可,出演可,出演可,出演可,出演不可,出演不可,出演不可,出演不可,出演不可,出演不可,,出演不可,出演不可,出演不可,出演不可,出演不可,出演不可,出演不可,出演不可,出演不可,出演不可,出演不可,出演不可,出演不可,出演不可,ごめんなさい,出演不可,出演不可,出演不可,出演不可,出演不可,出演不可,出演不可,出演不可,出演不可,出演不可,出演不可,出演不可,ごぺんなさい,出演可,出演可,出演可,出演可,出演可,出演可,出演可,出演可,出演可,出演可,出演可,出演可,
410,2025/08/08 18:10:26,andymori,15分枠,出演不可,出演不可,出演不可,出演不可,出演不可,出演不可,出演不可,出演不可,出演不可,出演不可,出演不可,出演不可,,出演不可,出演不可,出演不可,出演不可,出演不可,出演不可,出演不可,出演不可,出演不可,出演不可,出演不可,出演不可,出演不可,出演不可,,出演可,出演可,出演可,出演可,出演可,出演可,出演可,出演可,出演可,出演可,出演可,出演可,,出演可,出演可,出演可,出演可,出演可,出演可,出演可,出演可,出演可,出演可,出演可,出演可,
205,2025/08/08 19:34:29,Atomic Skippers,15分枠,出演不可,出演不可,出演不可,出演不可,出演不可,出演不可,出演不可,出演不可,出演不可,出演不可,出演不可,出演不可,,出演可,出演可,出演可,出演可,出演可,出演可,出演可,出演可,出演可,出演可,出演可,出演可,出演可,出演可,,出演不可,出演不可,出演不可,出演不可,出演不可,出演不可,出演不可,出演不可,出演不可,出演不可,出演不可,出演不可,,出演不可,出演不可,出演不可,出演不可,出演不可,出演不可,出演不可,出演不可,出演不可,出演不可,出演不可,出演不可,
208,2025/08/10 0:03:29,BAZSTOP!!,15分枠,出演不可,出演不可,出演不可,出演不可,出演不可,出演不可,出演不可,出演不可,出演不可,出演不可,出演不可,出演不可,,出演可,出演可,出演可,出演可,出演可,出演可,出演可,出演可,出演可,出演可,出演可,出演可,出演可,出演可,,出演不可,出演不可,出演可,出演可,出演可,出演可,出演可,出演可,出演可,出演可,出演可,出演可,,出演可,出演可,出演可,出演可,出演可,出演可,出演可,出演可,出演可,出演可,出演可,出演可,
104,2025/08/09 1:43:58,Bye-Bye-Handの方程式,15分枠,出演可,出演可,出演可,出演可,出演可,出演可,出演可,出演可,出演可,出演可,出演可,出演可,NMCの出番と被らないように出演するため、場合によっては限られた時間帯になってしまう可能性があります。少なくなってしまい申し訳ございません。,出演不可,出演不可,出演不可,出演不可,出演不可,出演不可,出演不可,出演不可,出演不可,出演不可,出演不可,出演不可,出演不可,出演不可,,出演不可,出演不可,出演不可,出演不可,出演不可,出演不可,出演不可,出演不可,出演不可,出演不可,出演不可,出演不可,,出演不可,出演不可,出演不可,出演不可,出演不可,出演不可,出演不可,出演不可,出演不可,出演不可,出演不可,出演不可,
308,2025/08/07 19:53:10,CANDY TUNE,20分枠,出演不可,出演不可,出演不可,出演不可,出演不可,出演不可,出演不可,出演不可,出演不可,出演不可,出演不可,出演不可,,出演不可,出演不可,出演不可,出演不可,出演不可,出演不可,出演不可,出演不可,出演不可,出演不可,出演不可,出演不可,出演不可,出演不可,,出演可,出演可,出演可,出演可,出演可,出演可,出演不可,出演不可,出演不可,出演不可,出演不可,出演不可,,出演可,出演可,出演可,出演可,出演可,出演可,出演可,出演可,出演可,出演可,出演可,出演可,
409,2025/08/09 8:42:31,Cö shu Nie,15分枠,出演不可,出演不可,出演不可,出演不可,出演不可,出演不可,出演不可,出演不可,出演不可,出演不可,出演不可,出演不可,,出演不可,出演不可,出演不可,出演不可,出演不可,出演不可,出演不可,出演不可,出演不可,出演不可,出演不可,出演不可,出演不可,出演不可,,出演不可,出演不可,出演不可,出演不可,出演不可,出演不可,出演不可,出演可,出演可,出演可,出演可,出演可,,出演可,出演可,出演可,出演可,出演可,出演可,出演可,出演可,出演可,出演可,出演可,出演可,
402,2025/08/09 16:21:33,Cody・Lee (李)(さかた),15分枠,出演不可,出演不可,出演不可,出演不可,出演不可,出演不可,出演不可,出演不可,出演不可,出演不可,出演不可,出演不可,,出演不可,出演不可,出演不可,出演不可,出演不可,出演不可,出演不可,出演不可,出演不可,出演不可,出演不可,出演不可,出演不可,出演不可,,出演不可,出演不可,出演不可,出演不可,出演不可,出演不可,出演不可,出演不可,出演不可,出演不可,出演不可,出演不可,,出演可,出演可,出演可,出演可,出演可,出演可,出演可,出演可,出演可,出演可,出演可,出演可,
305,2025/08/07 19:11:26,Cody・Lee(李)(いとう),20分枠,出演不可,出演不可,出演不可,出演不可,出演不可,出演不可,出演不可,出演不可,出演不可,出演不可,出演不可,出演不可,,出演不可,出演不可,出演不可,出演不可,出演不可,出演不可,出演不可,出演不可,出演不可,出演不可,出演不可,出演不可,出演不可,出演不可,,出演可,出演可,出演可,出演可,出演可,出演可,出演可,出演可,出演不可,出演不可,出演不可,出演不可,,出演可,出演可,出演可,出演可,出演可,出演可,出演可,出演可,出演可,出演可,出演可,出演可,
301,2025/08/11 1:10:52,Conton Candy,15分枠,出演不可,出演不可,出演可,出演可,出演可,出演可,出演可,出演可,出演可,出演可,出演可,出演可,,出演不可,出演不可,出演不可,出演不可,出演不可,出演不可,出演不可,出演不可,出演不可,出演不可,出演不可,出演不可,出演不可,出演不可,,出演不可,出演不可,出演可,出演可,出演可,出演可,出演不可,出演不可,出演不可,出演不可,出演不可,出演不可,,出演不可,出演不可,出演不可,出演不可,出演不可,出演不可,出演不可,出演不可,出演不可,出演不可,出演不可,出演不可,
108,2025/08/10 16:26:19,ELLEGARDEN,20分枠,出演可,出演可,出演可,出演可,出演可,出演不可,出演不可,出演不可,出演不可,出演可,出演可,出演可,,出演不可,出演不可,出演不可,出演不可,出演不可,出演不可,出演不可,出演不可,出演不可,出演不可,出演不可,出演不可,出演不可,出演不可,,出演可,出演可,出演可,出演可,出演可,出演可,出演可,出演可,出演可,出演可,出演可,出演可,,出演可,出演可,出演可,出演可,出演可,出演可,出演可,出演可,出演可,出演可,出演可,出演可,
304,2025/08/09 0:22:44,King Gnu(ひらが),15分枠,出演不可,出演不可,出演不可,出演不可,出演不可,出演不可,出演不可,出演不可,出演不可,出演不可,出演不可,出演不可,,出演不可,出演不可,出演不可,出演不可,出演不可,出演不可,出演不可,出演不可,出演不可,出演不可,出演不可,出演不可,出演不可,出演不可,,出演可,出演可,出演可,出演可,出演可,出演可,出演可,出演可,出演可,出演可,出演可,出演可,,出演不可,出演不可,出演不可,出演不可,出演不可,出演不可,出演不可,出演不可,出演不可,出演不可,出演不可,出演不可,
107,2025/08/08 8:11:19,King Gnu(まさき),15分枠,出演可,出演可,出演可,出演可,出演可,出演可,出演不可,出演不可,出演不可,出演可,出演可,出演可,,出演可,出演可,出演可,出演可,出演可,出演可,出演可,出演可,出演可,出演可,出演可,出演可,出演可,出演可,,出演不可,出演不可,出演不可,出演不可,出演不可,出演不可,出演不可,出演不可,出演不可,出演不可,出演不可,出演不可,,出演不可,出演不可,出演不可,出演不可,出演不可,出演不可,出演不可,出演不可,出演不可,出演不可,出演不可,出演不可,
210,2025/08/09 14:59:55,Kroi,15分枠,出演不可,出演不可,出演可,出演可,出演可,出演可,出演不可,出演不可,出演不可,出演不可,出演不可,出演不可,,出演可,出演可,出演可,出演可,出演可,出演可,出演可,出演可,出演可,出演可,出演可,出演可,出演可,出演可,,出演不可,出演不可,出演不可,出演不可,出演不可,出演不可,出演不可,出演不可,出演不可,出演不可,出演不可,出演不可,,出演不可,出演不可,出演不可,出演不可,出演不可,出演不可,出演不可,出演不可,出演不可,出演不可,出演不可,出演不可,
401,2025/08/08 0:49:43,No buses,10分枠,出演不可,出演不可,出演不可,出演不可,出演不可,出演不可,出演不可,出演不可,出演不可,出演不可,出演不可,出演不可,,出演不可,出演不可,出演不可,出演不可,出演不可,出演不可,出演不可,出演可,出演可,出演可,出演可,出演可,出演可,出演可,,出演不可,出演不可,出演不可,出演不可,出演不可,出演不可,出演不可,出演不可,出演不可,出演不可,出演不可,出演不可,,出演可,出演可,出演可,出演可,出演可,出演可,出演可,出演可,出演可,出演可,出演可,出演可,
307,2025/08/10 11:05:49,ONE OK ROCK,20分枠,出演不可,出演不可,出演不可,出演不可,出演不可,出演不可,出演不可,出演不可,出演不可,出演不可,出演不可,出演不可,,出演不可,出演不可,出演不可,出演不可,出演不可,出演不可,出演不可,出演不可,出演不可,出演不可,出演不可,出演不可,出演不可,出演不可,,出演不可,出演不可,出演不可,出演不可,出演不可,出演可,出演可,出演可,出演可,出演可,出演可,出演可,,出演不可,出演不可,出演不可,出演不可,出演不可,出演可,出演可,出演可,出演可,出演可,出演可,出演可,
312,2025/08/09 15:38:23,Orangestar,20分枠,出演不可,出演不可,出演不可,出演不可,出演不可,出演不可,出演不可,出演不可,出演不可,出演不可,出演不可,出演不可,,出演不可,出演不可,出演不可,出演不可,出演不可,出演不可,出演不可,出演不可,出演不可,出演不可,出演不可,出演不可,出演不可,出演不可,,出演可,出演可,出演可,出演可,出演可,出演可,出演可,出演可,出演可,出演可,出演可,出演可,,出演可,出演可,出演可,出演可,出演可,出演可,出演可,出演可,出演可,出演可,出演可,出演可,
412,2025/08/10 20:43:51,Penthouse,15分枠,出演不可,出演不可,出演不可,出演不可,出演不可,出演不可,出演不可,出演不可,出演不可,出演不可,出演不可,出演不可,,出演不可,出演不可,出演不可,出演不可,出演不可,出演不可,出演不可,出演不可,出演不可,出演不可,出演不可,出演不可,出演不可,出演不可,,出演不可,出演可,出演可,出演可,出演不可,出演不可,出演不可,出演不可,出演不可,出演不可,出演不可,出演不可,大所帯で日調苦しんでて、大変申し訳ないんですが28日出演でお願いしたいです🙇‍♂️,出演可,出演可,出演可,出演可,出演可,出演可,出演可,出演可,出演可,出演可,出演可,出演可,大所帯で日調苦しんでて、28日出演でお願いしたいです🙇‍♂️大変な中ごめんなさい…
207,2025/08/08 21:01:06,SHISHAMO,15分枠,出演可,出演可,出演可,出演可,出演可,出演可,出演可,出演可,出演可,出演可,出演可,出演可,,出演可,出演可,出演可,出演可,出演可,出演可,出演可,出演可,出演可,出演可,出演可,出演可,出演可,出演可,,出演不可,出演不可,出演不可,出演不可,出演不可,出演不可,出演不可,出演不可,出演不可,出演不可,出演不可,出演不可,,出演不可,出演不可,出演不可,出演不可,出演不可,出演不可,出演不可,出演不可,出演不可,出演不可,出演不可,出演不可,
413,2025/08/09 18:00:05,sidenerds,20分枠,出演不可,出演不可,出演不可,出演不可,出演不可,出演不可,出演不可,出演不可,出演不可,出演不可,出演不可,出演不可,,出演不可,出演不可,出演不可,出演不可,出演不可,出演不可,出演不可,出演不可,出演不可,出演不可,出演不可,出演不可,出演不可,出演不可,,出演可,出演可,出演可,出演可,出演可,出演可,出演可,出演可,出演可,出演可,出演可,出演可,,出演可,出演可,出演可,出演可,出演可,出演可,出演可,出演可,出演可,出演可,出演可,出演可,
404,2025/08/10 16:11:03,SILENT SIREN,15分枠,出演不可,出演不可,出演不可,出演不可,出演不可,出演不可,出演不可,出演不可,出演不可,出演不可,出演不可,出演不可,,出演不可,出演不可,出演不可,出演不可,出演不可,出演不可,出演不可,出演不可,出演不可,出演不可,出演不可,出演不可,出演不可,出演不可,,出演可,出演可,出演可,出演可,出演可,出演可,出演可,出演可,出演可,出演可,出演可,出演可,,出演可,出演可,出演可,出演可,出演可,出演可,出演可,出演可,出演可,出演可,出演可,出演可,
414,2025/08/07 20:50:24,Super Guitar Disney,15分枠,出演不可,出演不可,出演不可,出演不可,出演不可,出演不可,出演不可,出演不可,出演不可,出演不可,出演不可,出演不可,,出演不可,出演不可,出演不可,出演不可,出演不可,出演不可,出演不可,出演不可,出演不可,出演不可,出演不可,出演不可,出演不可,出演不可,,出演不可,出演不可,出演可,出演可,出演可,出演可,出演可,出演可,出演可,出演可,出演可,出演可,,出演可,出演可,出演可,出演可,出演可,出演可,出演可,出演可,出演可,出演可,出演可,出演可,
203,2025/08/09 13:50:30,THE ORAL CIGARETTES,15分枠,出演不可,出演不可,出演不可,出演不可,出演不可,出演不可,出演不可,出演不可,出演不可,出演不可,出演不可,出演不可,,出演可,出演可,出演可,出演可,出演可,出演可,出演可,出演可,出演可,出演可,出演可,出演可,出演可,出演可,,出演不可,出演不可,出演不可,出演不可,出演不可,出演不可,出演不可,出演不可,出演不可,出演不可,出演不可,出演不可,,出演不可,出演不可,出演不可,出演不可,出演不可,出演不可,出演不可,出演不可,出演不可,出演不可,出演不可,出演不可,
408,2025/08/09 9:16:05,Vaundy,15分枠,出演不可,出演不可,出演不可,出演不可,出演不可,出演不可,出演不可,出演不可,出演不可,出演不可,出演不可,出演不可,,出演不可,出演不可,出演不可,出演不可,出演不可,出演不可,出演不可,出演不可,出演不可,出演不可,出演不可,出演不可,出演不可,出演不可,,出演可,出演可,出演可,出演可,出演可,出演可,出演可,出演可,出演可,出演可,出演可,出演可,,出演可,出演可,出演可,出演可,出演可,出演可,出演可,出演可,出演可,出演可,出演可,出演可,
103,2025/08/09 13:48:46,Voca Rock Festival,15分枠,出演可,出演可,出演可,出演可,出演可,出演可,出演可,出演可,出演可,出演可,出演可,出演可,,出演不可,出演不可,出演不可,出演不可,出演不可,出演不可,出演不可,出演不可,出演不可,出演不可,出演不可,出演不可,出演不可,出演不可,,出演不可,出演不可,出演不可,出演不可,出演不可,出演不可,出演不可,出演不可,出演不可,出演不可,出演不可,出演不可,,出演不可,出演不可,出演不可,出演不可,出演不可,出演不可,出演不可,出演不可,出演不可,出演不可,出演不可,出演不可,
106,2025/08/10 16:33:49,カゲロウプロジェクト,15分枠,出演不可,出演不可,出演不可,出演不可,出演不可,出演不可,出演不可,出演可,出演可,出演可,出演可,出演可,,出演不可,出演不可,出演不可,出演不可,出演不可,出演不可,出演不可,出演不可,出演不可,出演不可,出演不可,出演不可,出演不可,出演不可,,出演不可,出演不可,出演不可,出演不可,出演不可,出演不可,出演不可,出演不可,出演不可,出演不可,出演不可,出演不可,,出演不可,出演不可,出演不可,出演不可,出演不可,出演不可,出演不可,出演不可,出演不可,出演可,出演可,出演可,
201,2025/08/08 19:36:05,かずき山盛り,15分枠,出演可,出演可,出演可,出演可,出演可,出演不可,出演不可,出演不可,出演不可,出演不可,出演可,出演可,,出演可,出演可,出演可,出演可,出演可,出演可,出演可,出演可,出演可,出演可,出演可,出演可,出演可,出演可,,出演不可,出演不可,出演不可,出演不可,出演不可,出演不可,出演不可,出演不可,出演不可,出演不可,出演不可,出演不可,,出演可,出演可,出演可,出演可,出演可,出演可,出演可,出演可,出演可,出演可,出演可,出演可,
209,2025/08/07 20:52:59,くるり,15分枠,出演不可,出演不可,出演不可,出演不可,出演不可,出演不可,出演可,出演可,出演可,出演不可,出演不可,出演可,,出演可,出演可,出演可,出演可,出演可,出演可,出演可,出演可,出演可,出演不可,出演不可,出演不可,出演不可,出演不可,,出演不可,出演不可,出演可,出演可,出演可,出演可,出演可,出演可,出演不可,出演不可,出演不可,出演不可,,出演可,出演可,出演可,出演可,出演可,出演可,出演可,出演可,出演可,出演可,出演可,出演可,
309,2025/08/10 0:25:04,ゲスの極み乙女,15分枠,出演不可,出演不可,出演不可,出演不可,出演不可,出演不可,出演不可,出演不可,出演不可,出演不可,出演不可,出演不可,,出演不可,出演不可,出演不可,出演不可,出演不可,出演不可,出演不可,出演不可,出演不可,出演可,出演可,出演可,出演可,出演可,,出演不可,出演不可,出演不可,出演不可,出演不可,出演不可,出演不可,出演不可,出演可,出演可,出演可,出演可,,出演不可,出演不可,出演不可,出演不可,出演不可,出演不可,出演不可,出演不可,出演可,出演可,出演可,出演可,
212,2025/08/09 1:52:34,サカナクション(いずみ),20分枠,出演不可,出演不可,出演不可,出演不可,出演不可,出演不可,出演不可,出演不可,出演不可,出演不可,出演不可,出演不可,,出演可,出演可,出演可,出演可,出演可,出演可,出演可,出演可,出演可,出演不可,出演不可,出演不可,出演不可,出演不可,,出演可,出演可,出演可,出演可,出演可,出演可,出演可,出演可,出演可,出演可,出演可,出演可,,出演可,出演可,出演可,出演可,出演可,出演可,出演可,出演可,出演可,出演可,出演可,出演可,
204,2025/08/08 17:55:58,サバシスター,15分枠,出演不可,出演不可,出演不可,出演不可,出演不可,出演不可,出演不可,出演不可,出演不可,出演不可,出演不可,出演不可,,出演可,出演可,出演可,出演可,出演可,出演可,出演可,出演可,出演可,出演可,出演可,出演可,出演可,出演可,,出演不可,出演不可,出演不可,出演不可,出演不可,出演不可,出演不可,出演不可,出演不可,出演不可,出演不可,出演不可,,出演不可,出演不可,出演不可,出演不可,出演不可,出演不可,出演不可,出演不可,出演不可,出演不可,出演不可,出演不可,
314,2025/08/07 19:55:07,ずっと真夜中でいいのに。,20分枠,出演不可,出演不可,出演不可,出演不可,出演不可,出演不可,出演不可,出演不可,出演不可,出演不可,出演不可,出演不可,,出演不可,出演不可,出演不可,出演不可,出演不可,出演不可,出演不可,出演不可,出演不可,出演不可,出演不可,出演不可,出演不可,出演不可,,出演可,出演可,出演可,出演可,出演可,出演可,出演可,出演可,出演可,出演可,出演可,出演可,,出演可,出演可,出演可,出演可,出演可,出演可,出演可,出演可,出演可,出演可,出演可,出演可,
311,2025/08/10 8:42:17,すりぃ,15分枠,出演不可,出演不可,出演不可,出演不可,出演不可,出演不可,出演不可,出演不可,出演不可,出演不可,出演不可,出演不可,,出演不可,出演不可,出演不可,出演不可,出演不可,出演不可,出演不可,出演不可,出演不可,出演不可,出演不可,出演不可,出演不可,出演不可,,出演可,出演可,出演可,出演可,出演可,出演可,出演可,出演可,出演可,出演可,出演可,出演可,,出演可,出演可,出演可,出演可,出演可,出演可,出演可,出演可,出演可,出演可,出演可,出演可,
215,2025/08/08 15:53:56,チャットモンチー,20分枠,出演可,出演可,出演可,出演可,出演可,出演可,出演可,出演可,出演可,出演可,出演可,出演可,,出演可,出演可,出演可,出演可,出演可,出演可,出演可,出演可,出演可,出演可,出演可,出演可,出演可,出演可,,出演可,出演可,出演可,出演可,出演可,出演不可,出演不可,出演不可,出演可,出演可,出演可,出演可,,出演可,出演可,出演可,出演可,出演可,出演可,出演可,出演可,出演可,出演可,出演可,出演可,
206,2025/08/08 19:37:19,ハヌマーン,15分枠,出演不可,出演不可,出演不可,出演不可,出演不可,出演不可,出演不可,出演不可,出演不可,出演不可,出演不可,出演不可,,出演不可,出演不可,出演不可,出演可,出演可,出演可,出演可,出演可,出演可,出演可,出演可,出演可,出演可,出演可,,出演可,出演可,出演可,出演可,出演可,出演可,出演可,出演可,出演可,出演可,出演可,出演可,,出演可,出演可,出演不可,出演不可,出演不可,出演不可,出演不可,出演不可,出演不可,出演不可,出演不可,出演不可,
403,2025/08/07 23:12:08,ハンブレッダーズ(すずき),15分枠,出演不可,出演不可,出演不可,出演不可,出演不可,出演不可,出演不可,出演不可,出演不可,出演不可,出演不可,出演不可,,出演不可,出演不可,出演不可,出演不可,出演不可,出演不可,出演不可,出演不可,出演不可,出演不可,出演不可,出演不可,出演不可,出演不可,,出演不可,出演不可,出演不可,出演不可,出演不可,出演不可,出演不可,出演不可,出演不可,出演不可,出演不可,出演不可,,出演可,出演可,出演可,出演可,出演可,出演可,出演可,出演不可,出演不可,出演不可,出演不可,出演不可,
105,2025/08/07 20:17:41,ハンブレッダーズ(ばばみち),20分枠,出演可,出演可,出演可,出演可,出演可,出演可,出演可,出演可,出演可,出演可,出演可,出演可,,出演可,出演可,出演可,出演可,出演可,出演可,出演可,出演可,出演不可,出演不可,出演不可,出演不可,出演不可,出演不可,,出演可,出演可,出演可,出演可,出演可,出演可,出演可,出演可,出演可,出演可,出演可,出演可,,出演可,出演可,出演可,出演可,出演可,出演可,出演可,出演可,出演可,出演可,出演可,出演可,たくさんの人と盛り上がりたい、ハンブレだもの。
411,2025/08/09 12:12:07,ペトロールズ,20分枠,出演不可,出演不可,出演不可,出演不可,出演不可,出演不可,出演不可,出演不可,出演不可,出演不可,出演不可,出演不可,,出演不可,出演不可,出演不可,出演不可,出演不可,出演不可,出演不可,出演不可,出演不可,出演不可,出演不可,出演不可,出演不可,出演不可,,出演可,出演可,出演可,出演可,出演可,出演可,出演可,出演可,出演不可,出演不可,出演不可,出演不可,,出演可,出演可,出演可,出演可,出演可,出演可,出演可,出演可,出演可,出演可,出演可,出演可,
213,2025/08/09 13:51:40,ポルカドットスティングレイ,20分枠,出演不可,出演不可,出演不可,出演不可,出演不可,出演不可,出演不可,出演不可,出演不可,出演不可,出演不可,出演不可,,出演可,出演可,出演可,出演可,出演可,出演可,出演可,出演可,出演可,出演可,出演可,出演可,出演可,出演可,,出演不可,出演不可,出演不可,出演不可,出演不可,出演不可,出演不可,出演不可,出演不可,出演不可,出演不可,出演不可,,出演不可,出演不可,出演不可,出演不可,出演不可,出演不可,出演不可,出演不可,出演不可,出演不可,出演不可,出演不可,
211,2025/08/09 23:06:28,ゆったりヨルシカ -Live 前世 2021-,20分枠,出演可,出演可,出演可,出演可,出演可,出演可,出演可,出演不可,出演不可,出演不可,出演不可,出演不可,再提出謝罪。今永出演不可判明により,出演不可,出演不可,出演不可,出演不可,出演不可,出演不可,出演不可,出演可,出演可,出演不可,出演不可,出演不可,出演不可,出演不可,,出演不可,出演不可,出演不可,出演不可,出演不可,出演不可,出演不可,出演不可,出演不可,出演不可,出演不可,出演不可,ほんとに申し訳ない,出演可,出演可,出演可,出演可,出演可,出演可,出演可,出演可,出演可,出演可,出演可,出演可,ここは変わらずでした。
101,2025/08/09 21:08:24,ヨルシカ(おがわ),15分枠,出演可,出演可,出演可,出演可,出演可,出演可,出演不可,出演不可,出演不可,出演不可,出演不可,出演不可,,出演可,出演可,出演不可,出演不可,出演不可,出演不可,出演不可,出演不可,出演不可,出演不可,出演不可,出演不可,出演不可,出演不可,,出演不可,出演不可,出演不可,出演不可,出演不可,出演不可,出演不可,出演不可,出演不可,出演不可,出演不可,出演不可,,出演可,出演可,出演可,出演可,出演可,出演可,出演不可,出演不可,出演不可,出演不可,出演不可,出演不可,
303,2025/08/10 21:16:20,ヨルシカ(こんどう),15分枠,出演不可,出演不可,出演不可,出演不可,出演不可,出演不可,出演不可,出演不可,出演不可,出演不可,出演不可,出演不可,,出演不可,出演不可,出演不可,出演不可,出演不可,出演不可,出演不可,出演不可,出演不可,出演不可,出演不可,出演不可,出演不可,出演不可,,出演可,出演可,出演可,出演可,出演可,出演可,出演可,出演可,出演可,出演可,出演可,出演可,,出演不可,出演不可,出演不可,出演不可,出演不可,出演不可,出演不可,出演不可,出演不可,出演不可,出演不可,出演不可,
214,2025/08/10 0:02:17,ヨルシカ(だん),10分枠,出演不可,出演不可,出演不可,出演不可,出演不可,出演不可,出演不可,出演不可,出演不可,出演不可,出演不可,出演不可,,出演不可,出演不可,出演不可,出演不可,出演不可,出演不可,出演不可,出演不可,出演不可,出演可,出演可,出演可,出演可,出演可,,出演不可,出演不可,出演不可,出演不可,出演不可,出演不可,出演不可,出演不可,出演不可,出演不可,出演不可,出演不可,,出演不可,出演不可,出演不可,出演不可,出演不可,出演不可,出演不可,出演不可,出演不可,出演不可,出演不可,出演不可,
405,2025/08/09 15:04:20,幾多りら,20分枠,出演不可,出演不可,出演不可,出演不可,出演不可,出演不可,出演不可,出演不可,出演不可,出演不可,出演不可,出演不可,,出演不可,出演不可,出演不可,出演不可,出演不可,出演不可,出演不可,出演不可,出演不可,出演不可,出演不可,出演不可,出演不可,出演不可,,出演不可,出演不可,出演不可,出演不可,出演不可,出演不可,出演不可,出演不可,出演不可,出演不可,出演不可,出演不可,,出演可,出演可,出演可,出演可,出演可,出演可,出演可,出演可,出演可,出演可,出演可,出演可,本当にすみません、、、出れない日がバラバラすぎてこの日しか出られなくて、、、ご迷惑おかけします本当にすみません😭😭😭もし全体的に見て出演厳しかったらご連絡ください、、、
302,2025/08/09 17:59:24,時速36km,15分枠,出演不可,出演不可,出演不可,出演不可,出演不可,出演不可,出演不可,出演不可,出演不可,出演不可,出演不可,出演不可,,出演不可,出演不可,出演不可,出演不可,出演不可,出演不可,出演不可,出演不可,出演不可,出演不可,出演不可,出演不可,出演不可,出演不可,,出演可,出演可,出演可,出演可,出演可,出演可,出演可,出演可,出演可,出演可,出演可,出演可,,出演可,出演可,出演可,出演可,出演可,出演可,出演可,出演可,出演可,出演可,出演可,出演可,
406,2025/08/08 8:00:11,星野源,15分枠,出演不可,出演不可,出演不可,出演不可,出演不可,出演不可,出演不可,出演不可,出演不可,出演不可,出演不可,出演不可,,出演不可,出演不可,出演不可,出演不可,出演不可,出演不可,出演不可,出演不可,出演不可,出演不可,出演不可,出演不可,出演不可,出演不可,,出演不可,出演不可,出演不可,出演不可,出演不可,出演不可,出演不可,出演不可,出演不可,出演不可,出演不可,出演不可,,出演可,出演可,出演可,出演可,出演可,出演可,出演可,出演可,出演不可,出演不可,出演不可,出演不可,本当にごめんなさい
313,2025/08/09 21:08:02,超☆社会的サンダル,20分枠,出演不可,出演不可,出演不可,出演不可,出演不可,出演不可,出演不可,出演不可,出演不可,出演不可,出演不可,出演不可,,出演可,出演可,出演可,出演可,出演可,出演可,出演可,出演可,出演不可,出演不可,出演不可,出演不可,出演不可,出演不可,,出演不可,出演不可,出演不可,出演不可,出演不可,出演不可,出演不可,出演不可,出演可,出演可,出演可,出演可,,出演可,出演可,出演可,出演可,出演可,出演可,出演可,出演可,出演可,出演可,出演可,出演可,
407,2025/08/09 23:54:25,土方さえよいしょずとまよ,20分枠,出演不可,出演不可,出演不可,出演不可,出演不可,出演不可,出演不可,出演不可,出演不可,出演不可,出演不可,出演不可,,出演不可,出演不可,出演不可,出演不可,出演不可,出演不可,出演不可,出演不可,出演不可,出演不可,出演不可,出演不可,出演不可,出演不可,,出演不可,出演不可,出演可,出演可,出演可,出演可,出演可,出演可,出演可,出演可,出演可,出演可,,出演不可,出演不可,出演可,出演可,出演可,出演可,出演可,出演不可,出演不可,出演不可,出演不可,出演不可,
310,2025/08/09 15:47:30,東京事変,20分枠,出演不可,出演不可,出演不可,出演不可,出演不可,出演不可,出演不可,出演不可,出演不可,出演不可,出演不可,出演不可,,出演不可,出演不可,出演不可,出演不可,出演不可,出演不可,出演不可,出演不可,出演不可,出演不可,出演不可,出演不可,出演不可,出演不可,,出演可,出演可,出演可,出演可,出演可,出演可,出演可,出演可,出演可,出演可,出演可,出演可,,出演可,出演可,出演可,出演可,出演可,出演可,出演可,出演不可,出演不可,出演不可,出演不可,出演不可,
202,2025/08/09 20:06:52,藤井風,15分枠,出演不可,出演不可,出演不可,出演不可,出演不可,出演不可,出演不可,出演不可,出演不可,出演不可,出演不可,出演不可,,出演可,出演可,出演可,出演可,出演可,出演可,出演可,出演可,出演可,出演可,出演可,出演可,出演可,出演可,,出演不可,出演不可,出演不可,出演不可,出演不可,出演不可,出演不可,出演可,出演可,出演可,出演可,出演可,1630から可能です！,出演不可,出演不可,出演不可,出演不可,出演不可,出演不可,出演不可,出演不可,出演不可,出演不可,出演不可,出演不可,
306,2025/08/09 17:14:36,緑黄色社会,15分枠,出演不可,出演不可,出演不可,出演不可,出演不可,出演不可,出演不可,出演不可,出演不可,出演不可,出演不可,出演不可,,出演不可,出演不可,出演不可,出演不可,出演不可,出演不可,出演不可,出演不可,出演不可,出演不可,出演不可,出演不可,出演不可,出演不可,,出演可,出演可,出演可,出演可,出演可,出演可,出演可,出演可,出演可,出演可,出演可,出演可,,出演可,出演可,出演可,出演可,出演可,出演可,出演可,出演不可,出演不可,出演不可,出演不可,出演不可,